UV index;sun days;sun hours;Rh;MXT;MNT;prectot;UV index;sun days;sun hours;Rh;MXT;MNT;PREECTOT;UV index;sun days;sun hours;Rh;MXT;MNT;PREECTOT;UV index;sun days;sun hours;Rh;MXT;MNT;PREECTOT;UV index;sun days;sun hours;Rh;MXT;MNT;PREECTOT;UV index;sun days;sun hours;Rh;MXT;MNT;PREECTOT;Rasio;Tingkat_mutasi
1;14;188;83.58;5.24;-2.4;2.01;1;13;141.5;83.77;5.84;-1.93;2.71;2;10;173.5;80.99;10.98;1.41;3.11;3;7;151;77.77;12.63;3.08;3.99;5;14;223;76.08;18.4;8.14;2.01;6;11;239;74.16;26.17;15.7;2.4;0.000265;1
1;14;188;83.58;5.24;-2.4;2.01;1;13;141.5;83.77;5.84;-1.93;2.71;2;10;173.5;80.99;10.98;1.41;3.11;3;7;151;77.77;12.63;3.08;3.99;5;14;223;76.08;18.4;8.14;2.01;6;11;239;74.16;26.17;15.7;2.4;0;0
1;14;188;83.58;5.24;-2.4;2.01;1;13;141.5;83.77;5.84;-1.93;2.71;2;10;173.5;80.99;10.98;1.41;3.11;3;7;151;77.77;12.63;3.08;3.99;5;14;223;76.08;18.4;8.14;2.01;6;11;239;74.16;26.17;15.7;2.4;0.000265;1
1;14;188;83.58;5.24;-2.4;2.01;1;13;141.5;83.77;5.84;-1.93;2.71;2;10;173.5;80.99;10.98;1.41;3.11;3;7;151;77.77;12.63;3.08;3.99;5;14;223;76.08;18.4;8.14;2.01;6;11;239;74.16;26.17;15.7;2.4;0;0
1;14;188;83.58;5.24;-2.4;2.01;1;13;141.5;83.77;5.84;-1.93;2.71;2;10;173.5;80.99;10.98;1.41;3.11;3;7;151;77.77;12.63;3.08;3.99;5;14;223;76.08;18.4;8.14;2.01;6;11;239;74.16;26.17;15.7;2.4;0.000265;1
1;14;188;83.58;5.24;-2.4;2.01;1;13;141.5;83.77;5.84;-1.93;2.71;2;10;173.5;80.99;10.98;1.41;3.11;3;7;151;77.77;12.63;3.08;3.99;5;14;223;76.08;18.4;8.14;2.01;6;11;239;74.16;26.17;15.7;2.4;0.000265;1
1;14;188;83.58;5.24;-2.4;2.01;1;13;141.5;83.77;5.84;-1.93;2.71;2;10;173.5;80.99;10.98;1.41;3.11;3;7;151;77.77;12.63;3.08;3.99;5;14;223;76.08;18.4;8.14;2.01;6;11;239;74.16;26.17;15.7;2.4;0.000265;1
1;14;188;83.58;5.24;-2.4;2.01;1;13;141.5;83.77;5.84;-1.93;2.71;2;10;173.5;80.99;10.98;1.41;3.11;3;7;151;77.77;12.63;3.08;3.99;5;14;223;76.08;18.4;8.14;2.01;6;11;239;74.16;26.17;15.7;2.4;0.000265;1
1;14;188;83.58;5.24;-2.4;2.01;1;13;141.5;83.77;5.84;-1.93;2.71;2;10;173.5;80.99;10.98;1.41;3.11;3;7;151;77.77;12.63;3.08;3.99;5;14;223;76.08;18.4;8.14;2.01;6;11;239;74.16;26.17;15.7;2.4;0.000265;1
1;14;188;83.58;5.24;-2.4;2.01;1;13;141.5;83.77;5.84;-1.93;2.71;2;10;173.5;80.99;10.98;1.41;3.11;3;7;151;77.77;12.63;3.08;3.99;5;14;223;76.08;18.4;8.14;2.01;6;11;239;74.16;26.17;15.7;2.4;0.000265;1
4;10;123.5;81.39;8.43;0.67;3.67;3;16;171;76.93;14.53;4.48;3.83;3;17;202;77.61;18.25;7.94;3.63;6;19;252.5;69.2;22.57;11.06;1.89;8;13;240.5;73.53;28.33;18.31;5.38;8;5;142;81.22;31.1;23.82;16.04;0;0
4;10;123.5;81.39;8.43;0.67;3.67;3;16;171;76.93;14.53;4.48;3.83;3;17;202;77.61;18.25;7.94;3.63;6;19;252.5;69.2;22.57;11.06;1.89;8;13;240.5;73.53;28.33;18.31;5.38;8;5;142;81.22;31.1;23.82;16.04;0;0
4;10;123.5;81.39;8.43;0.67;3.67;3;16;171;76.93;14.53;4.48;3.83;3;17;202;77.61;18.25;7.94;3.63;6;19;252.5;69.2;22.57;11.06;1.89;8;13;240.5;73.53;28.33;18.31;5.38;8;5;142;81.22;31.1;23.82;16.04;0;0
4;10;123.5;81.39;8.43;0.67;3.67;3;16;171;76.93;14.53;4.48;3.83;3;17;202;77.61;18.25;7.94;3.63;6;19;252.5;69.2;22.57;11.06;1.89;8;13;240.5;73.53;28.33;18.31;5.38;8;5;142;81.22;31.1;23.82;16.04;0;0
4;10;123.5;81.39;8.43;0.67;3.67;3;16;171;76.93;14.53;4.48;3.83;3;17;202;77.61;18.25;7.94;3.63;6;19;252.5;69.2;22.57;11.06;1.89;8;13;240.5;73.53;28.33;18.31;5.38;8;5;142;81.22;31.1;23.82;16.04;0;0
4;10;123.5;81.39;8.43;0.67;3.67;3;16;171;76.93;14.53;4.48;3.83;3;17;202;77.61;18.25;7.94;3.63;6;19;252.5;69.2;22.57;11.06;1.89;8;13;240.5;73.53;28.33;18.31;5.38;8;5;142;81.22;31.1;23.82;16.04;0;0
4;10;123.5;81.39;8.43;0.67;3.67;3;16;171;76.93;14.53;4.48;3.83;3;17;202;77.61;18.25;7.94;3.63;6;19;252.5;69.2;22.57;11.06;1.89;8;13;240.5;73.53;28.33;18.31;5.38;8;5;142;81.22;31.1;23.82;16.04;0;0
4;10;123.5;81.39;8.43;0.67;3.67;3;16;171;76.93;14.53;4.48;3.83;3;17;202;77.61;18.25;7.94;3.63;6;19;252.5;69.2;22.57;11.06;1.89;8;13;240.5;73.53;28.33;18.31;5.38;8;5;142;81.22;31.1;23.82;16.04;0;0
4;10;123.5;81.39;8.43;0.67;3.67;3;16;171;76.93;14.53;4.48;3.83;3;17;202;77.61;18.25;7.94;3.63;6;19;252.5;69.2;22.57;11.06;1.89;8;13;240.5;73.53;28.33;18.31;5.38;8;5;142;81.22;31.1;23.82;16.04;0;0
4;10;123.5;81.39;8.43;0.67;3.67;3;16;171;76.93;14.53;4.48;3.83;3;17;202;77.61;18.25;7.94;3.63;6;19;252.5;69.2;22.57;11.06;1.89;8;13;240.5;73.53;28.33;18.31;5.38;8;5;142;81.22;31.1;23.82;16.04;0;0
4;10;123.5;81.39;8.43;0.67;3.67;3;16;171;76.93;14.53;4.48;3.83;3;17;202;77.61;18.25;7.94;3.63;6;19;252.5;69.2;22.57;11.06;1.89;8;13;240.5;73.53;28.33;18.31;5.38;8;5;142;81.22;31.1;23.82;16.04;0;0
3;24;267;73.81;13.48;8.51;0.38;4;22;234;75.86;14.63;9.37;0.55;3;11;217;73.84;14.62;9.41;2.33;5;23;251.5;74.38;17.65;11.62;1.63;5;13;247;71.25;22;15.97;0.92;7;13;253;69.74;24.11;18.58;2.01;0.000265;1
3;24;267;73.81;13.48;8.51;0.38;4;22;234;75.86;14.63;9.37;0.55;3;11;217;73.84;14.62;9.41;2.33;5;23;251.5;74.38;17.65;11.62;1.63;5;13;247;71.25;22;15.97;0.92;7;13;253;69.74;24.11;18.58;2.01;0;0
3;24;267;73.81;13.48;8.51;0.38;4;22;234;75.86;14.63;9.37;0.55;3;11;217;73.84;14.62;9.41;2.33;5;23;251.5;74.38;17.65;11.62;1.63;5;13;247;71.25;22;15.97;0.92;7;13;253;69.74;24.11;18.58;2.01;0.000265;1
3;24;267;73.81;13.48;8.51;0.38;4;22;234;75.86;14.63;9.37;0.55;3;11;217;73.84;14.62;9.41;2.33;5;23;251.5;74.38;17.65;11.62;1.63;5;13;247;71.25;22;15.97;0.92;7;13;253;69.74;24.11;18.58;2.01;0.000265;1
3;24;267;73.81;13.48;8.51;0.38;4;22;234;75.86;14.63;9.37;0.55;3;11;217;73.84;14.62;9.41;2.33;5;23;251.5;74.38;17.65;11.62;1.63;5;13;247;71.25;22;15.97;0.92;7;13;253;69.74;24.11;18.58;2.01;0.000265;1
3;24;267;73.81;13.48;8.51;0.38;4;22;234;75.86;14.63;9.37;0.55;3;11;217;73.84;14.62;9.41;2.33;5;23;251.5;74.38;17.65;11.62;1.63;5;13;247;71.25;22;15.97;0.92;7;13;253;69.74;24.11;18.58;2.01;0.00053;2
3;24;267;73.81;13.48;8.51;0.38;4;22;234;75.86;14.63;9.37;0.55;3;11;217;73.84;14.62;9.41;2.33;5;23;251.5;74.38;17.65;11.62;1.63;5;13;247;71.25;22;15.97;0.92;7;13;253;69.74;24.11;18.58;2.01;0.000265;1
3;24;267;73.81;13.48;8.51;0.38;4;22;234;75.86;14.63;9.37;0.55;3;11;217;73.84;14.62;9.41;2.33;5;23;251.5;74.38;17.65;11.62;1.63;5;13;247;71.25;22;15.97;0.92;7;13;253;69.74;24.11;18.58;2.01;0.00053;2
3;24;267;73.81;13.48;8.51;0.38;4;22;234;75.86;14.63;9.37;0.55;3;11;217;73.84;14.62;9.41;2.33;5;23;251.5;74.38;17.65;11.62;1.63;5;13;247;71.25;22;15.97;0.92;7;13;253;69.74;24.11;18.58;2.01;0.000265;1
3;24;267;73.81;13.48;8.51;0.38;4;22;234;75.86;14.63;9.37;0.55;3;11;217;73.84;14.62;9.41;2.33;5;23;251.5;74.38;17.65;11.62;1.63;5;13;247;71.25;22;15.97;0.92;7;13;253;69.74;24.11;18.58;2.01;0.000265;1
6;22;272;76;22.49;17.15;1.12;7;24;260;73.53;23.2;17.11;0.26;5;25;296.5;75.43;21.57;16.07;0.18;6;23;246;73.2;20.4;15.19;1.26;6;18;227.5;77.06;19.32;14.48;1.6;5;15;203.5;77.69;17.73;13.45;3.54;0.00053;2
6;22;272;76;22.49;17.15;1.12;7;24;260;73.53;23.2;17.11;0.26;5;25;296.5;75.43;21.57;16.07;0.18;6;23;246;73.2;20.4;15.19;1.26;6;18;227.5;77.06;19.32;14.48;1.6;5;15;203.5;77.69;17.73;13.45;3.54;0.000265;1
6;22;272;76;22.49;17.15;1.12;7;24;260;73.53;23.2;17.11;0.26;5;25;296.5;75.43;21.57;16.07;0.18;6;23;246;73.2;20.4;15.19;1.26;6;18;227.5;77.06;19.32;14.48;1.6;5;15;203.5;77.69;17.73;13.45;3.54;0.000265;1
6;22;272;76;22.49;17.15;1.12;7;24;260;73.53;23.2;17.11;0.26;5;25;296.5;75.43;21.57;16.07;0.18;6;23;246;73.2;20.4;15.19;1.26;6;18;227.5;77.06;19.32;14.48;1.6;5;15;203.5;77.69;17.73;13.45;3.54;0.00053;2
6;22;272;76;22.49;17.15;1.12;7;24;260;73.53;23.2;17.11;0.26;5;25;296.5;75.43;21.57;16.07;0.18;6;23;246;73.2;20.4;15.19;1.26;6;18;227.5;77.06;19.32;14.48;1.6;5;15;203.5;77.69;17.73;13.45;3.54;0.00053;2
6;22;272;76;22.49;17.15;1.12;7;24;260;73.53;23.2;17.11;0.26;5;25;296.5;75.43;21.57;16.07;0.18;6;23;246;73.2;20.4;15.19;1.26;6;18;227.5;77.06;19.32;14.48;1.6;5;15;203.5;77.69;17.73;13.45;3.54;0.00053;2
6;22;272;76;22.49;17.15;1.12;7;24;260;73.53;23.2;17.11;0.26;5;25;296.5;75.43;21.57;16.07;0.18;6;23;246;73.2;20.4;15.19;1.26;6;18;227.5;77.06;19.32;14.48;1.6;5;15;203.5;77.69;17.73;13.45;3.54;0.000265;1
6;22;272;76;22.49;17.15;1.12;7;24;260;73.53;23.2;17.11;0.26;5;25;296.5;75.43;21.57;16.07;0.18;6;23;246;73.2;20.4;15.19;1.26;6;18;227.5;77.06;19.32;14.48;1.6;5;15;203.5;77.69;17.73;13.45;3.54;0.000265;1
6;22;272;76;22.49;17.15;1.12;7;24;260;73.53;23.2;17.11;0.26;5;25;296.5;75.43;21.57;16.07;0.18;6;23;246;73.2;20.4;15.19;1.26;6;18;227.5;77.06;19.32;14.48;1.6;5;15;203.5;77.69;17.73;13.45;3.54;0.000265;1
6;22;272;76;22.49;17.15;1.12;7;24;260;73.53;23.2;17.11;0.26;5;25;296.5;75.43;21.57;16.07;0.18;6;23;246;73.2;20.4;15.19;1.26;6;18;227.5;77.06;19.32;14.48;1.6;5;15;203.5;77.69;17.73;13.45;3.54;0.000265;1
8;16;228.5;59.32;27.19;13.35;3.11;6;11;184;72.66;24.3;13.64;3.85;5;15;236;73.83;21.43;11.89;3.25;3;8;181;81.22;17.24;8.84;5.77;3;12;172.5;84.94;13.87;6.71;1.54;4;12;194.5;86.95;12.75;5.6;1.22;0.000265;1
8;16;228.5;59.32;27.19;13.35;3.11;6;11;184;72.66;24.3;13.64;3.85;5;15;236;73.83;21.43;11.89;3.25;3;8;181;81.22;17.24;8.84;5.77;3;12;172.5;84.94;13.87;6.71;1.54;4;12;194.5;86.95;12.75;5.6;1.22;0;0
8;16;228.5;59.32;27.19;13.35;3.11;6;11;184;72.66;24.3;13.64;3.85;5;15;236;73.83;21.43;11.89;3.25;3;8;181;81.22;17.24;8.84;5.77;3;12;172.5;84.94;13.87;6.71;1.54;4;12;194.5;86.95;12.75;5.6;1.22;0;0
8;16;228.5;59.32;27.19;13.35;3.11;6;11;184;72.66;24.3;13.64;3.85;5;15;236;73.83;21.43;11.89;3.25;3;8;181;81.22;17.24;8.84;5.77;3;12;172.5;84.94;13.87;6.71;1.54;4;12;194.5;86.95;12.75;5.6;1.22;0;0
8;16;228.5;59.32;27.19;13.35;3.11;6;11;184;72.66;24.3;13.64;3.85;5;15;236;73.83;21.43;11.89;3.25;3;8;181;81.22;17.24;8.84;5.77;3;12;172.5;84.94;13.87;6.71;1.54;4;12;194.5;86.95;12.75;5.6;1.22;0;0
8;16;228.5;59.32;27.19;13.35;3.11;6;11;184;72.66;24.3;13.64;3.85;5;15;236;73.83;21.43;11.89;3.25;3;8;181;81.22;17.24;8.84;5.77;3;12;172.5;84.94;13.87;6.71;1.54;4;12;194.5;86.95;12.75;5.6;1.22;0.000265;1
8;16;228.5;59.32;27.19;13.35;3.11;6;11;184;72.66;24.3;13.64;3.85;5;15;236;73.83;21.43;11.89;3.25;3;8;181;81.22;17.24;8.84;5.77;3;12;172.5;84.94;13.87;6.71;1.54;4;12;194.5;86.95;12.75;5.6;1.22;0.000265;1
8;16;228.5;59.32;27.19;13.35;3.11;6;11;184;72.66;24.3;13.64;3.85;5;15;236;73.83;21.43;11.89;3.25;3;8;181;81.22;17.24;8.84;5.77;3;12;172.5;84.94;13.87;6.71;1.54;4;12;194.5;86.95;12.75;5.6;1.22;0.000795;2
8;16;228.5;59.32;27.19;13.35;3.11;6;11;184;72.66;24.3;13.64;3.85;5;15;236;73.83;21.43;11.89;3.25;3;8;181;81.22;17.24;8.84;5.77;3;12;172.5;84.94;13.87;6.71;1.54;4;12;194.5;86.95;12.75;5.6;1.22;0.000795;2
8;16;228.5;59.32;27.19;13.35;3.11;6;11;184;72.66;24.3;13.64;3.85;5;15;236;73.83;21.43;11.89;3.25;3;8;181;81.22;17.24;8.84;5.77;3;12;172.5;84.94;13.87;6.71;1.54;4;12;194.5;86.95;12.75;5.6;1.22;0.00053;2
5;27;266;93.34;-1.16;-6.84;1.46;7;26;261.5;93.37;-1.35;-8.02;1.53;8;29;305.5;84.79;4.94;-2.22;1.84;8;26;294;78.54;6.95;-1.45;1.49;9;24;299.5;80.75;14.28;5.49;6.05;9;27;294;82.62;21.21;12.26;5.22;0.000265;1
5;27;266;93.34;-1.16;-6.84;1.46;7;26;261.5;93.37;-1.35;-8.02;1.53;8;29;305.5;84.79;4.94;-2.22;1.84;8;26;294;78.54;6.95;-1.45;1.49;9;24;299.5;80.75;14.28;5.49;6.05;9;27;294;82.62;21.21;12.26;5.22;0.000265;1
5;27;266;93.34;-1.16;-6.84;1.46;7;26;261.5;93.37;-1.35;-8.02;1.53;8;29;305.5;84.79;4.94;-2.22;1.84;8;26;294;78.54;6.95;-1.45;1.49;9;24;299.5;80.75;14.28;5.49;6.05;9;27;294;82.62;21.21;12.26;5.22;0.000265;1
5;27;266;93.34;-1.16;-6.84;1.46;7;26;261.5;93.37;-1.35;-8.02;1.53;8;29;305.5;84.79;4.94;-2.22;1.84;8;26;294;78.54;6.95;-1.45;1.49;9;24;299.5;80.75;14.28;5.49;6.05;9;27;294;82.62;21.21;12.26;5.22;0.00053;2
5;27;266;93.34;-1.16;-6.84;1.46;7;26;261.5;93.37;-1.35;-8.02;1.53;8;29;305.5;84.79;4.94;-2.22;1.84;8;26;294;78.54;6.95;-1.45;1.49;9;24;299.5;80.75;14.28;5.49;6.05;9;27;294;82.62;21.21;12.26;5.22;0.000265;1
5;27;266;93.34;-1.16;-6.84;1.46;7;26;261.5;93.37;-1.35;-8.02;1.53;8;29;305.5;84.79;4.94;-2.22;1.84;8;26;294;78.54;6.95;-1.45;1.49;9;24;299.5;80.75;14.28;5.49;6.05;9;27;294;82.62;21.21;12.26;5.22;0.00053;2
5;27;266;93.34;-1.16;-6.84;1.46;7;26;261.5;93.37;-1.35;-8.02;1.53;8;29;305.5;84.79;4.94;-2.22;1.84;8;26;294;78.54;6.95;-1.45;1.49;9;24;299.5;80.75;14.28;5.49;6.05;9;27;294;82.62;21.21;12.26;5.22;0.000265;1
5;27;266;93.34;-1.16;-6.84;1.46;7;26;261.5;93.37;-1.35;-8.02;1.53;8;29;305.5;84.79;4.94;-2.22;1.84;8;26;294;78.54;6.95;-1.45;1.49;9;24;299.5;80.75;14.28;5.49;6.05;9;27;294;82.62;21.21;12.26;5.22;0.00053;2
5;27;266;93.34;-1.16;-6.84;1.46;7;26;261.5;93.37;-1.35;-8.02;1.53;8;29;305.5;84.79;4.94;-2.22;1.84;8;26;294;78.54;6.95;-1.45;1.49;9;24;299.5;80.75;14.28;5.49;6.05;9;27;294;82.62;21.21;12.26;5.22;0.000265;1
5;27;266;93.34;-1.16;-6.84;1.46;7;26;261.5;93.37;-1.35;-8.02;1.53;8;29;305.5;84.79;4.94;-2.22;1.84;8;26;294;78.54;6.95;-1.45;1.49;9;24;299.5;80.75;14.28;5.49;6.05;9;27;294;82.62;21.21;12.26;5.22;0.000265;1
1;4;38;93.34;-1.16;-6.84;1.46;1;8;74.5;93.37;-1.35;-8.02;1.53;1;13;111.5;84.79;4.94;-2.22;1.84;2;7;132;78.54;6.95;-1.45;1.49;3;5;117.5;80.75;14.28;5.49;6.05;5;4;192.5;82.62;21.21;12.26;5.22;0.000265;1
1;4;38;93.34;-1.16;-6.84;1.46;1;8;74.5;93.37;-1.35;-8.02;1.53;1;13;111.5;84.79;4.94;-2.22;1.84;2;7;132;78.54;6.95;-1.45;1.49;3;5;117.5;80.75;14.28;5.49;6.05;5;4;192.5;82.62;21.21;12.26;5.22;0.000265;1
1;4;38;93.34;-1.16;-6.84;1.46;1;8;74.5;93.37;-1.35;-8.02;1.53;1;13;111.5;84.79;4.94;-2.22;1.84;2;7;132;78.54;6.95;-1.45;1.49;3;5;117.5;80.75;14.28;5.49;6.05;5;4;192.5;82.62;21.21;12.26;5.22;0.000265;1
1;4;38;93.34;-1.16;-6.84;1.46;1;8;74.5;93.37;-1.35;-8.02;1.53;1;13;111.5;84.79;4.94;-2.22;1.84;2;7;132;78.54;6.95;-1.45;1.49;3;5;117.5;80.75;14.28;5.49;6.05;5;4;192.5;82.62;21.21;12.26;5.22;0.000265;1
1;4;38;93.34;-1.16;-6.84;1.46;1;8;74.5;93.37;-1.35;-8.02;1.53;1;13;111.5;84.79;4.94;-2.22;1.84;2;7;132;78.54;6.95;-1.45;1.49;3;5;117.5;80.75;14.28;5.49;6.05;5;4;192.5;82.62;21.21;12.26;5.22;0.00053;2
1;4;38;93.34;-1.16;-6.84;1.46;1;8;74.5;93.37;-1.35;-8.02;1.53;1;13;111.5;84.79;4.94;-2.22;1.84;2;7;132;78.54;6.95;-1.45;1.49;3;5;117.5;80.75;14.28;5.49;6.05;5;4;192.5;82.62;21.21;12.26;5.22;0.000265;1
1;4;38;93.34;-1.16;-6.84;1.46;1;8;74.5;93.37;-1.35;-8.02;1.53;1;13;111.5;84.79;4.94;-2.22;1.84;2;7;132;78.54;6.95;-1.45;1.49;3;5;117.5;80.75;14.28;5.49;6.05;5;4;192.5;82.62;21.21;12.26;5.22;0.000265;1
1;4;38;93.34;-1.16;-6.84;1.46;1;8;74.5;93.37;-1.35;-8.02;1.53;1;13;111.5;84.79;4.94;-2.22;1.84;2;7;132;78.54;6.95;-1.45;1.49;3;5;117.5;80.75;14.28;5.49;6.05;5;4;192.5;82.62;21.21;12.26;5.22;0;0
1;4;38;93.34;-1.16;-6.84;1.46;1;8;74.5;93.37;-1.35;-8.02;1.53;1;13;111.5;84.79;4.94;-2.22;1.84;2;7;132;78.54;6.95;-1.45;1.49;3;5;117.5;80.75;14.28;5.49;6.05;5;4;192.5;82.62;21.21;12.26;5.22;0.000265;1
1;4;38;93.34;-1.16;-6.84;1.46;1;8;74.5;93.37;-1.35;-8.02;1.53;1;13;111.5;84.79;4.94;-2.22;1.84;2;7;132;78.54;6.95;-1.45;1.49;3;5;117.5;80.75;14.28;5.49;6.05;5;4;192.5;82.62;21.21;12.26;5.22;0.000265;1
7;1;206;83.42;28.52;22.07;6.71;5;3;155.5;86.19;27.77;21.91;11.95;6;4;229;84.29;26.89;20.21;5.1;7;12;213.5;81.99;25.79;18.88;0.93;7;16;259;80.28;24.69;16.72;2.81;6;17;260.5;78.21;26.18;17.5;0.51;0.000265;1
7;1;206;83.42;28.52;22.07;6.71;5;3;155.5;86.19;27.77;21.91;11.95;6;4;229;84.29;26.89;20.21;5.1;7;12;213.5;81.99;25.79;18.88;0.93;7;16;259;80.28;24.69;16.72;2.81;6;17;260.5;78.21;26.18;17.5;0.51;0.000265;1
7;1;206;83.42;28.52;22.07;6.71;5;3;155.5;86.19;27.77;21.91;11.95;6;4;229;84.29;26.89;20.21;5.1;7;12;213.5;81.99;25.79;18.88;0.93;7;16;259;80.28;24.69;16.72;2.81;6;17;260.5;78.21;26.18;17.5;0.51;0.000795;2
7;1;206;83.42;28.52;22.07;6.71;5;3;155.5;86.19;27.77;21.91;11.95;6;4;229;84.29;26.89;20.21;5.1;7;12;213.5;81.99;25.79;18.88;0.93;7;16;259;80.28;24.69;16.72;2.81;6;17;260.5;78.21;26.18;17.5;0.51;0.00053;2
7;1;206;83.42;28.52;22.07;6.71;5;3;155.5;86.19;27.77;21.91;11.95;6;4;229;84.29;26.89;20.21;5.1;7;12;213.5;81.99;25.79;18.88;0.93;7;16;259;80.28;24.69;16.72;2.81;6;17;260.5;78.21;26.18;17.5;0.51;0.00053;2
7;1;206;83.42;28.52;22.07;6.71;5;3;155.5;86.19;27.77;21.91;11.95;6;4;229;84.29;26.89;20.21;5.1;7;12;213.5;81.99;25.79;18.88;0.93;7;16;259;80.28;24.69;16.72;2.81;6;17;260.5;78.21;26.18;17.5;0.51;0.00053;2
7;1;206;83.42;28.52;22.07;6.71;5;3;155.5;86.19;27.77;21.91;11.95;6;4;229;84.29;26.89;20.21;5.1;7;12;213.5;81.99;25.79;18.88;0.93;7;16;259;80.28;24.69;16.72;2.81;6;17;260.5;78.21;26.18;17.5;0.51;0.000265;1
7;1;206;83.42;28.52;22.07;6.71;5;3;155.5;86.19;27.77;21.91;11.95;6;4;229;84.29;26.89;20.21;5.1;7;12;213.5;81.99;25.79;18.88;0.93;7;16;259;80.28;24.69;16.72;2.81;6;17;260.5;78.21;26.18;17.5;0.51;0.000265;1
7;1;206;83.42;28.52;22.07;6.71;5;3;155.5;86.19;27.77;21.91;11.95;6;4;229;84.29;26.89;20.21;5.1;7;12;213.5;81.99;25.79;18.88;0.93;7;16;259;80.28;24.69;16.72;2.81;6;17;260.5;78.21;26.18;17.5;0.51;0.00053;2
7;1;206;83.42;28.52;22.07;6.71;5;3;155.5;86.19;27.77;21.91;11.95;6;4;229;84.29;26.89;20.21;5.1;7;12;213.5;81.99;25.79;18.88;0.93;7;16;259;80.28;24.69;16.72;2.81;6;17;260.5;78.21;26.18;17.5;0.51;0.000265;1
5;22;269.5;60.07;20.38;6.45;1.06;5;26;275;48.9;24.84;8.45;0.66;7;18;271;52.91;28.76;14.14;2.25;9;18;276;37.01;36.1;20.6;0.56;7;18;284.5;29.67;40.96;25.74;1.75;10;16;271.5;40.33;40.61;29.06;1.48;0.000265;1
5;22;269.5;60.07;20.38;6.45;1.06;5;26;275;48.9;24.84;8.45;0.66;7;18;271;52.91;28.76;14.14;2.25;9;18;276;37.01;36.1;20.6;0.56;7;18;284.5;29.67;40.96;25.74;1.75;10;16;271.5;40.33;40.61;29.06;1.48;0.000265;1
5;22;269.5;60.07;20.38;6.45;1.06;5;26;275;48.9;24.84;8.45;0.66;7;18;271;52.91;28.76;14.14;2.25;9;18;276;37.01;36.1;20.6;0.56;7;18;284.5;29.67;40.96;25.74;1.75;10;16;271.5;40.33;40.61;29.06;1.48;0;0
5;22;269.5;60.07;20.38;6.45;1.06;5;26;275;48.9;24.84;8.45;0.66;7;18;271;52.91;28.76;14.14;2.25;9;18;276;37.01;36.1;20.6;0.56;7;18;284.5;29.67;40.96;25.74;1.75;10;16;271.5;40.33;40.61;29.06;1.48;0.000265;2
5;22;269.5;60.07;20.38;6.45;1.06;5;26;275;48.9;24.84;8.45;0.66;7;18;271;52.91;28.76;14.14;2.25;9;18;276;37.01;36.1;20.6;0.56;7;18;284.5;29.67;40.96;25.74;1.75;10;16;271.5;40.33;40.61;29.06;1.48;0.000265;2
5;22;269.5;60.07;20.38;6.45;1.06;5;26;275;48.9;24.84;8.45;0.66;7;18;271;52.91;28.76;14.14;2.25;9;18;276;37.01;36.1;20.6;0.56;7;18;284.5;29.67;40.96;25.74;1.75;10;16;271.5;40.33;40.61;29.06;1.48;0.000265;2
5;22;269.5;60.07;20.38;6.45;1.06;5;26;275;48.9;24.84;8.45;0.66;7;18;271;52.91;28.76;14.14;2.25;9;18;276;37.01;36.1;20.6;0.56;7;18;284.5;29.67;40.96;25.74;1.75;10;16;271.5;40.33;40.61;29.06;1.48;0.000265;2
5;22;269.5;60.07;20.38;6.45;1.06;5;26;275;48.9;24.84;8.45;0.66;7;18;271;52.91;28.76;14.14;2.25;9;18;276;37.01;36.1;20.6;0.56;7;18;284.5;29.67;40.96;25.74;1.75;10;16;271.5;40.33;40.61;29.06;1.48;0.000265;2
5;22;269.5;60.07;20.38;6.45;1.06;5;26;275;48.9;24.84;8.45;0.66;7;18;271;52.91;28.76;14.14;2.25;9;18;276;37.01;36.1;20.6;0.56;7;18;284.5;29.67;40.96;25.74;1.75;10;16;271.5;40.33;40.61;29.06;1.48;0.000265;2
5;22;269.5;60.07;20.38;6.45;1.06;5;26;275;48.9;24.84;8.45;0.66;7;18;271;52.91;28.76;14.14;2.25;9;18;276;37.01;36.1;20.6;0.56;7;18;284.5;29.67;40.96;25.74;1.75;10;16;271.5;40.33;40.61;29.06;1.48;0.000795;2
2;14;177;79.39;10.07;1.41;4.01;3;12;209.5;73.68;11.33;1.37;1.19;3;12;193;76.81;13.83;3.43;4.35;6;9;181.5;74.1;16.62;5.82;6.43;5;15;200.5;78.2;23.43;13.85;4;5;8;188;81.3;26.97;18.77;7.18;0;0
2;14;177;79.39;10.07;1.41;4.01;3;12;209.5;73.68;11.33;1.37;1.19;3;12;193;76.81;13.83;3.43;4.35;6;9;181.5;74.1;16.62;5.82;6.43;5;15;200.5;78.2;23.43;13.85;4;5;8;188;81.3;26.97;18.77;7.18;0.000265;1
2;14;177;79.39;10.07;1.41;4.01;3;12;209.5;73.68;11.33;1.37;1.19;3;12;193;76.81;13.83;3.43;4.35;6;9;181.5;74.1;16.62;5.82;6.43;5;15;200.5;78.2;23.43;13.85;4;5;8;188;81.3;26.97;18.77;7.18;0.000265;1
2;14;177;79.39;10.07;1.41;4.01;3;12;209.5;73.68;11.33;1.37;1.19;3;12;193;76.81;13.83;3.43;4.35;6;9;181.5;74.1;16.62;5.82;6.43;5;15;200.5;78.2;23.43;13.85;4;5;8;188;81.3;26.97;18.77;7.18;0.000265;1
2;14;177;79.39;10.07;1.41;4.01;3;12;209.5;73.68;11.33;1.37;1.19;3;12;193;76.81;13.83;3.43;4.35;6;9;181.5;74.1;16.62;5.82;6.43;5;15;200.5;78.2;23.43;13.85;4;5;8;188;81.3;26.97;18.77;7.18;0.00053;2
2;14;177;79.39;10.07;1.41;4.01;3;12;209.5;73.68;11.33;1.37;1.19;3;12;193;76.81;13.83;3.43;4.35;6;9;181.5;74.1;16.62;5.82;6.43;5;15;200.5;78.2;23.43;13.85;4;5;8;188;81.3;26.97;18.77;7.18;0.00053;2
2;14;177;79.39;10.07;1.41;4.01;3;12;209.5;73.68;11.33;1.37;1.19;3;12;193;76.81;13.83;3.43;4.35;6;9;181.5;74.1;16.62;5.82;6.43;5;15;200.5;78.2;23.43;13.85;4;5;8;188;81.3;26.97;18.77;7.18;0.000265;1
2;14;177;79.39;10.07;1.41;4.01;3;12;209.5;73.68;11.33;1.37;1.19;3;12;193;76.81;13.83;3.43;4.35;6;9;181.5;74.1;16.62;5.82;6.43;5;15;200.5;78.2;23.43;13.85;4;5;8;188;81.3;26.97;18.77;7.18;0.00053;2
2;14;177;79.39;10.07;1.41;4.01;3;12;209.5;73.68;11.33;1.37;1.19;3;12;193;76.81;13.83;3.43;4.35;6;9;181.5;74.1;16.62;5.82;6.43;5;15;200.5;78.2;23.43;13.85;4;5;8;188;81.3;26.97;18.77;7.18;0.000795;2
2;14;177;79.39;10.07;1.41;4.01;3;12;209.5;73.68;11.33;1.37;1.19;3;12;193;76.81;13.83;3.43;4.35;6;9;181.5;74.1;16.62;5.82;6.43;5;15;200.5;78.2;23.43;13.85;4;5;8;188;81.3;26.97;18.77;7.18;0.000265;1
